"CODGEO","Part_actif_salaries","Population","Rurale","Prixm2Moyen","Revenu_median","Retraite","Densité_médicale_BV","Score_équipement_santé","Nb_mineurs","Nb_etudiants","nb_entreprises","Score_urbanité"
"33001",87.41496599,1598,"1",1295.78571428571,18458,383.613312202853,0.0982232651692927,3,1866,90,72,0
"33002",68.69918699,672,"1",1527.2,18414.2857142857,256.141583119067,0.140797854508884,4,758,19,35,0
"33003",91.15780258,11204,"0",2117.78151260504,19365.6,2505.40643202481,1,1,13375,841,463,87.5
"33004",92.19924812,2823,"0",1571.54545454545,18685.3333333333,603.320664162374,1,1,3448,182,117,12.5
"33005",81.49417409,9256,"0",3546.73575129534,23989,4677.87280973937,0.14850821320818,2,10633,472,819,37.5
"33006",79.296875,769,"1",1149.61538461538,17620.6666666667,210.473513513514,0.127723768018773,4,916,43,29,0
"33007",87.5,821,"0",1750.33333333333,21034.2857142857,266.557748801636,0.109621186724774,1,964,52,39,12.5
"33008",81.44329897,243,"1",1524.78439393939,19283.3333333333,85.6159420289855,0.140797854508884,4,280,14,12,0
"33009",78.53824714,11459,"0",5019.82973621103,23297.3333333333,5384.94130571148,1,1,12597,500,1549,62.5
"33010",92.02898551,309,"1",1906.33333333333,21079.0476190476,63.4851694915255,0.0898424404961448,4,366,14,15,0
"33011",82.78364116,4669,"0",3126.12631578947,22618.3870967742,2292.71974023065,0.161917532685216,4,5299,177,358,37.5
"33012",90.80717489,2820,"1",2075.66666666667,24550.4347826087,617.744056721606,1,1,3451,299,113,0
"33013",88.90474492,5984,"0",2493.19607843137,21834,1658.85600980498,1,1,7383,725,468,87.5
"33014",83.74384236,971,"1",1573.33333333333,20028.9285714286,206.256221198157,0.137110291652699,4,1161,70,39,0
"33015",80.7518797,1625,"0",1626.15789473684,23144.2857142857,520.649594595788,1,1,1854,100,113,87.5
"33016",85.71428571,473,"1",1830,21262.6086956522,113.842975206611,0.107274555816292,4,559,31,11,0
"33017",87.1559633,259,"1",2235.5,19476.3333333333,52.1947565543071,0.137445524639625,4,316,15,15,0
"33018",85.5036855,950,"0",1733.55555555556,20189.3333333333,674.100179657613,0.107274555816292,4,1124,60,29,37.5
"33019",87.32702112,3943,"0",2263.87128712871,20871.3333333333,1758,0.121689574254107,4,4625,220,180,37.5
"33020",65.90909091,117,"1",2099,17602.7777777778,23.0215827338129,1,1,134,16,1,0
"33021",79.02621723,663,"1",1358.5,19364.2857142857,276.706435160187,0.140797854508884,4,758,39,45,0
"33022",88.77419355,1752,"1",2298.15384615385,21184.2857142857,406.399105034367,0.0898424404961448,4,2060,151,103,0
"33023",88.31168831,904,"1",2104.83333333333,22956.6666666667,159,0.144485417365069,4,1098,62,56,0
"33024",74.6835443,173,"1",2206,19460,50.5172413793103,0.126047603084143,4,192,6,12,0
"33025",66,245,"1",1666.5,19032.7586206897,64.1121495327103,0.140797854508884,4,299,19,16,0
"33026",86.79245283,318,"1",1196,20168.6666666667,92.1556886227544,0.140797854508884,4,379,12,12,0
"33027",56.81818182,211,"1",1039.8,17432.5,80,0.126047603084143,4,239,7,11,0
"33028",87.43315508,867,"1",1977.5,21202.380952381,179.844155844156,0.0811263828360711,3,1070,58,34,0
"33029",89.80446927,3241,"0",2197.8064516129,22024,801,0.107609788803218,4,3927,244,192,12.5
"33030",86.20218579,1949,"1",1542.12,19805.6666666667,408.9484786623,0.140797854508884,4,2317,104,79,0
"33031",77.41935484,87,"1",1019,22576.1904761905,12.875,0.126047603084143,4,98,2,5,0
"33032",94.27198817,6972,"0",2381.86666666667,18666.1538461538,1626.0521210985,1,1,8290,505,316,87.5
"33033",85.01872659,692,"0",2346.77777777778,23157.7777777778,165.449494949495,1,1,816,52,49,12.5
"33034",85.06493506,420,"1",1315.33333333333,18497.3333333333,116.494935125389,0.141803553469661,3,498,27,14,0
"33035",85.36585366,748,"1",933,19851.7948717949,225,0.138451223600402,4,878,49,19,0
"33036",84.53350031,4352,"0",1345.67741935484,18636,1487.97997836677,0.137445524639625,4,4961,228,383,12.5
"33037",91.02132435,2039,"0",1608.57142857143,22118,477.305981348614,0.144485417365069,4,2450,149,121,25
"33038",75,879,"1",965.666666666667,18678.6666666667,273.775843307943,0.135434126718069,4,1008,49,40,0
"33039",91.25321985,22538,"0",2773.96949152542,20253.3333333333,5341.64233027438,1,1,26065,1525,1477,87.5
"33040",86.49425287,914,"0",1769.22222222222,19959,266.077529566749,0.124371438149514,4,1045,57,58,12.5
"33042",86.37295082,2757,"0",1950.80434782609,20896.6666666667,854.901630205502,0.107609788803218,4,3178,137,169,12.5
"33043",83.33333333,143,"1",818,19354.5,44.1903656374693,0.140797854508884,4,171,7,5,0
"33044",73.4939759,202,"1",1944.5,19360,50,0.11733154542407,4,234,13,12,0
"33045",69.71830986,341,"1",1103,19495.6349206349,66.3663663663664,0.11733154542407,4,425,29,15,0
"33046",86.70076726,1075,"1",1213,19328.2608695652,345.908691834943,0.137445524639625,4,1268,76,54,0
"33047",80.62913907,1519,"1",1272.13333333333,19042.1739130435,456.353071404094,0.127723768018773,4,1768,85,83,0
"33048",72.13114754,166,"1",2466.5,20863.3333333333,52.0506329113924,0.140797854508884,4,198,16,7,0
"33049",87.1886121,1786,"1",1980.125,21952,466.075697211156,1,1,2099,128,104,0
"33050",75.83892617,416,"1",1459.83333333333,19168.0952380952,99,0.140797854508884,4,502,26,18,0
"33051",90.03079292,6954,"0",2272.7311827957,21193,2092.08416069711,0.121689574254107,4,8318,440,438,37.5
"33052",86.56716418,816,"0",1651.90909090909,21104,215,0.137110291652699,4,960,46,39,50
"33053",75.34246575,181,"1",1350.13470833333,20149.375,64,0.137445524639625,4,203,12,6,0
"33054",84.84848485,221,"1",1075,21226.6666666667,67.4655631864869,0.126047603084143,4,264,18,8,0
"33055",68.31683168,239,"1",1507,20842,54.1538461538461,0.135434126718069,4,280,15,14,0
"33056",92.00382287,13902,"0",2370.61739130435,22356.6666666667,2857.8055613078,1,1,16774,1486,804,87.5
"33057",71.59533074,711,"1",1191.125,18271.5,205.681190929657,0.155548105933624,3,829,35,31,0
"33058",90.0476758,4668,"0",1201.08510638298,18701.3333333333,1215.59392163427,0.127723768018773,4,5539,287,434,25
"33059",91.34615385,249,"1",1903,20426.1904761905,40.6328177722364,0.0811263828360711,3,306,16,9,0
"33060",78.53403141,436,"1",1833,20580.5555555556,83.4837456799308,0.140797854508884,4,502,29,23,0
"33061",87.20238095,734,"0",1602,23795,194.759825327511,1,1,868,59,33,87.5
"33062",88.85017422,623,"1",1637.22222222222,21966.6666666667,145,0.137110291652699,4,741,54,21,0
"33063",87.41139988,215374,"0",3251.08311502739,21096.6666666667,37860.9622286746,1,1,241296,30147,20941,87.5
"33064",59.25925926,55,"1",1050,19081.870492698,0,0.11733154542407,4,67,3,1,0
"33065",85.94748048,3244,"0",2556.04,27480.4761904762,802.337362856046,1,1,3892,298,175,87.5
"33066",68.57142857,107,"1",1114.17393518519,16865.2,21.9148936170213,0.126047603084143,4,123,9,6,0
"33067",83.80102041,2118,"1",1187.875,17894.2857142857,525.089148815527,0.138451223600402,4,2498,119,169,0
"33068",57.89473684,84,"1",1576,19495.786321028,10,0.140797854508884,4,91,8,5,0
"33069",86.72029976,22457,"0",2917.9861878453,23610.6666666667,5736.3307798292,1,1,25857,1601,1381,87.5
"33070",75.6097561,235,"1",2044.83333333333,22221.4285714286,61.9984076433121,0.0898424404961448,4,279,9,15,0
"33071",83.46883469,949,"1",1336.71428571429,19023.9130434783,298.227312022124,0.0965471002346631,2,1132,43,105,0
"33072",65.93406593,173,"1",1250,17952.8571428571,36.814479638009,0.140797854508884,4,202,9,3,0
"33073",77.25225225,1305,"1",1155.14285714286,17864.7619047619,399.837077401184,0.131746563861884,3,1545,67,80,0
"33074",79.16666667,148,"1",570,19021.9607843137,35.8838383838384,0.140797854508884,4,175,12,6,0
"33075",88.94623656,10613,"0",2796.07575757576,22616,2771.24544831263,1,1,12380,782,823,87.5
"33076",82.92682927,630,"1",1174.22222222222,20430,165,0.140797854508884,4,722,38,20,0
"33077",89.66074313,1436,"1",1958.72222222222,21478.0952380952,268.682105263158,0.131411330874958,3,1712,83,70,0
"33078",81.94444444,337,"1",1478.14285714286,20788.5,76.1099365750529,0.0965471002346631,2,409,17,12,0
"33079",84.375,246,"1",2168,22410,67.5438596491228,0.137110291652699,4,294,16,10,0
"33080",89.14849429,4404,"0",2390.5625,21620,1202.68493035551,1,1,5304,411,275,87.5
"33081",86.23853211,2365,"0",1648.2380952381,17719,544.960129019684,0.124371438149514,4,2699,121,217,12.5
"33082",86.4265928,885,"1",1606.8,22263.3333333333,193.302175664787,0.107274555816292,4,1046,65,29,0
"33083",86.50137741,770,"1",1945.5,24216,258.636588770918,0.0811263828360711,3,890,50,30,0
"33084",79.33194154,1145,"0",2150.375,22976.1538461538,302.92887699165,1,1,1336,71,67,12.5
"33085",85.13824885,2089,"0",2458.11538461538,24954.2857142857,594.218051319734,1,1,2454,117,135,87.5
"33086",82.9787234,253,"1",1409.33333333333,20259.2307692308,51.2972972972973,0.0965471002346631,2,310,17,14,0
"33087",79.04191617,442,"1",1023,20266.6666666667,130.450704225352,0.126047603084143,4,526,27,19,0
"33088",86.33093525,388,"0",1606.5,17874,173,0.152866242038217,3,439,23,29,12.5
"33089",82.66666667,407,"1",1040,19147.9310344828,123.963537787835,0.127723768018773,4,473,27,17,0
"33090",93.16129032,5121,"0",2608.61538461538,23736.6666666667,1183.04826573685,1,1,6268,494,285,87.5
"33091",90.64327485,1177,"1",1767.37416834182,21739.8095238095,227.323541726044,1,1,1400,67,43,0
"33092",60.52631579,173,"1",1387.2751010101,19959.5238095238,50,0.140797854508884,4,202,10,11,0
"33093",79.93079585,624,"1",1857,20245.5555555556,136.788405797101,0.124371438149514,4,746,36,34,0
"33094",48.27586207,204,"1",2150,19389.0476190476,54.7608695652174,1,1,253,10,11,0
"33095",86.44067797,1505,"1",886.857142857143,18075.3333333333,493.58454413642,0.137445524639625,4,1708,65,82,0
"33096",92.13441654,6620,"0",3981.19318181818,21166,1836,1,1,7782,455,307,87.5
"33097",79.34027778,1549,"1",2766.43396226415,20412,639.112227805694,0.138451223600402,2,1769,62,207,0
"33098",87.5,373,"1",1521.66666666667,20000,58.2892057026476,0.124371438149514,4,437,27,7,0
"33099",86.37846656,3095,"0",2106.45454545455,25424.7619047619,918.336349240594,1,1,3731,281,103,87.5
"33100",80.60344828,1189,"0",1829.44444444444,19629.6666666667,320.826161790018,0.127723768018773,4,1383,76,63,25
"33101",77.68115942,872,"1",1017.5,18427.1428571429,263.811074918566,0.127723768018773,4,1000,54,55,0
"33102",82.69230769,367,"1",1292.66376334776,18544.6666666667,114.135338345865,0.126047603084143,4,413,19,9,0
"33103",66.66666667,62,"1",1203.87601851852,19157.7660034408,3.92307692307692,0.155548105933624,3,72,2,8,0
"33104",89.9917287,3165,"0",1994.71153846154,20730.9523809524,792.349277121642,0.0898424404961448,4,3842,206,186,12.5
"33105",55.84415584,185,"1",1094,18901.6666666667,75.0953529028571,0.155548105933624,3,217,16,12,0
"33106",87.53180662,1123,"1",1355.8,19048.5714285714,331.661110785727,0.140797854508884,4,1325,56,60,0
"33107",79.22077922,216,"1",1461.806,18586.6666666667,64,0.140797854508884,4,251,21,15,0
"33108",83.80855397,3115,"0",1201.55555555556,14854,899.668152350073,0.11733154542407,4,3507,144,259,25
"33109",88.37209302,1512,"0",2097.03703703704,22634.7619047619,358.503269582406,0.144485417365069,4,1788,108,84,25
"33111",80.48048048,932,"1",1245.69230769231,18351.3333333333,270,0.140797854508884,4,1081,55,57,0
"33112",70,122,"1",633.5,18237.7777777778,63.1788079470199,0.155548105933624,3,142,6,6,0
"33113",66.66666667,107,"1",1338,18206.6666666667,40.75,0.137445524639625,4,119,8,4,0
"33114",78.94736842,1192,"1",1335.92307692308,17816,352.358683277588,0.0955414012738854,2,1408,57,126,0
"33115",84.61538462,179,"1",1091.5,20715.3333333333,102.692311854316,0.137445524639625,4,206,7,11,0
"33116",81.63265306,224,"1",1288.8,20251.1111111111,59.9268292682927,0.137445524639625,4,262,4,6,0
"33117",68.42105263,223,"1",1992.66666666667,17512.0833333333,65,1,1,266,9,10,0
"33118",86.94029851,1806,"0",2448.05555555556,25376.4285714286,439,1,1,2121,174,66,87.5
"33119",93.01141835,21283,"0",2208.5632183908,16413.5,4740.75782564604,1,1,25302,1594,1704,87.5
"33120",87.85046729,1347,"1",1514.55555555556,20148.0952380952,371.250797644048,0.124371438149514,4,1535,59,49,0
"33121",79.41176471,169,"1",859.333333333333,18492.1,48.1770833333333,0.140797854508884,4,201,14,8,0
"33122",91.62096671,16936,"0",2704.49166666667,26327.5,4897.7605910208,1,1,20180,1850,856,87.5
"33123",84.23423423,1764,"1",1518.5,20089.5555555556,436,0.0955414012738854,2,2116,109,66,0
"33124",90.42553191,559,"1",1285,19035.7142857143,157.52808988764,0.0982232651692927,3,628,31,18,0
"33125",87.88343558,1535,"1",1327.125,20431.3333333333,453.863636363636,0.13208179684881,4,1838,101,68,0
"33126",83.08270677,668,"1",1700.8,18638.0952380952,193.835436104758,0.0955414012738854,2,790,50,20,0
"33127",74.72527473,225,"1",1266,17531.1111111111,46.6415094339623,0.11733154542407,4,256,7,10,0
"33128",74.07407407,502,"1",2157.66666666667,19493,189.436936936937,0.135434126718069,4,583,28,21,0
"33129",58.06451613,149,"1",1477,17486,49.375,0.155548105933624,3,184,12,3,0
"33130",83.65758755,657,"1",1613.6,20539.5833333333,125,0.140797854508884,4,805,50,28,0
"33131",84.81012658,179,"1",788,18666.8,30,0.155548105933624,3,208,9,9,0
"33132",88.96551724,389,"1",1263.5,20182.1212121212,103.968253968254,0.138451223600402,4,458,26,9,0
"33133",53.06122449,106,"1",1340,18792.951414602,30,1,1,124,7,1,0
"33134",70.73170732,209,"1",1474.75,18203.3333333333,20.3846153846154,0.135434126718069,4,250,13,9,0
"33135",69.6969697,101,"1",1641,20329.6774193548,24.5901639344263,0.140797854508884,4,112,4,3,0
"33136",61,249,"1",1073.5,18598,80.8571428571429,0.124036205162588,4,282,7,12,0
"33137",71.18644068,158,"1",1170,18516.1904761905,39.81220657277,0.137445524639625,4,180,10,4,0
"33138",87.86150713,7027,"0",1379.9125,18406.4,2293.35820094252,0.0982232651692927,3,8229,404,429,37.5
"33139",61.9047619,65,"1",1401.5,17230.4761904762,16.6583810601884,0.124036205162588,4,73,1,4,0
"33140",88.66608544,2856,"0",1950.5,19741.25,923.8553948832,0.0811263828360711,3,3375,185,266,12.5
"33141",86.66666667,382,"1",1917.33333333333,23006.6666666667,113.820598006644,0.0811263828360711,3,466,25,18,0
"33142",83.99014778,1049,"1",1626.92307692308,20357,241.744755244755,0.0955414012738854,2,1282,66,45,0
"33143",89.0080429,1787,"0",1848.60714285714,20813.8888888889,411.06094365146,0.107274555816292,4,2157,131,81,37.5
"33144",80.73394495,557,"1",1656.83333333333,19049,165,0.137445524639625,4,648,28,21,0
"33145",85,437,"1",1796,23454,114,0.0811263828360711,3,528,42,14,0
"33146",89.28571429,1352,"1",1550.13636363636,19217,306.309591642925,0.13208179684881,4,1646,104,43,0
"33147",80.86419753,406,"1",1920.4,19648,102.978568043294,0.0965471002346631,2,484,18,16,0
"33148",75,59,"1",933,19764.9294177877,25.5952380952381,0.0965471002346631,2,62,3,7,0
"33149",62.31884058,138,"1",1423.47926767677,19489.0476190476,19.4701986754967,0.155548105933624,3,160,13,4,0
"33150",64.54545455,263,"1",1405.5,19198.0833333333,73.0336130652642,0.124036205162588,4,300,16,6,0
"33151",74.01574803,778,"1",982.875,17054,217.547380156076,0.0831377807576266,2,902,34,25,0
"33152",70.90909091,124,"1",1320.42555555556,21765.75,32.7049180327869,0.124371438149514,4,144,6,4,0
"33153",61.9047619,230,"1",1433,18111.3333333333,50.412213740458,0.11733154542407,4,268,18,9,0
"33154",83.86491557,1883,"0",904.333333333333,17031.3333333333,542,0.0982232651692927,3,2243,90,80,37.5
"33155",84,167,"1",664,20493,54.6439392596354,0.137445524639625,4,187,4,4,0
"33156",60.17699115,244,"1",2380.33333333333,18383.0434782609,79.325,0.124371438149514,4,259,7,13,0
"33157",84.36018957,532,"1",1804.6,21450.5,92.0694087403598,0.0965471002346631,2,655,24,24,0
"33158",81.17647059,218,"1",1043.5,20391.3333333333,36.3125,0.126047603084143,4,263,13,6,0
"33159",86.17234469,1394,"1",1045.92857142857,19004,343.946236759755,0.127723768018773,4,1664,77,72,0
"33160",74.13793103,478,"1",1008.28571428571,18960.5,208.36499882535,1,1,541,21,20,0
"33161",83.49514563,580,"1",1094.2,18840,210.671688506615,0.127723768018773,4,693,35,29,0
"33162",89.48540003,18411,"0",2586.03703703704,21184,4136.8522270195,1,1,21791,1511,1005,87.5
"33163",75.83333333,310,"1",1619.25,20580,80.579196217494,0.140797854508884,4,362,16,20,0
"33164",83.77862595,1216,"1",1665.25,22306.1111111111,403.46685443605,0.140797854508884,4,1463,77,36,0
"33165",86.92152918,2249,"0",2220.25714285714,23871.9047619048,631.744551082712,1,1,2629,178,154,87.5
"33166",85.82677165,373,"1",978,17842.380952381,61.7408123791103,0.0982232651692927,3,442,20,12,0
"33167",92.73858921,16156,"0",2347.25174825175,18403.8888888889,3181.09728088598,1,1,19370,1459,909,87.5
"33168",80.10752688,490,"1",1555.33333333333,18979.1304347826,179.226890756303,0.11733154542407,4,566,24,22,0
"33169",76.19047619,116,"1",666,16440,10.8387096774194,0.126047603084143,4,138,3,8,0
"33170",76.78571429,731,"1",1264.18181818182,18934.4,212.314587656704,0.126047603084143,4,859,37,37,0
"33171",50.81967213,158,"1",1415,17251,67.1590909090909,0.126047603084143,4,185,11,8,0
"33172",77.08333333,279,"1",1099.5,20817.8260869565,88.8451509002022,0.127723768018773,4,328,19,9,0
"33173",75.34246575,178,"1",1199,19730,75,0.11733154542407,4,211,4,11,0
"33174",75.55555556,1044,"1",1841.63636363636,20020,320,0.137110291652699,4,1196,66,90,0
"33175",74.7826087,650,"1",711.4,17965.3571428571,129.005314450637,0.140797854508884,4,772,34,42,0
"33176",71.15384615,265,"1",1531,20274.347826087,104.066895395186,0.124371438149514,4,313,18,9,0
"33177",80.82758621,1916,"0",1503.72727272727,19203.5,623.797000392168,0.135434126718069,4,2230,148,92,25
"33178",74.19354839,323,"1",1195.5,17772.8333333333,129.664082687338,0.137445524639625,4,366,18,19,0
"33179",86.50717703,2434,"1",1521.82352941176,20152,652.747421586221,0.10258129399933,1,2892,170,98,0
"33180",70.90909091,158,"1",1143,18425,19.5854922279792,0.137445524639625,4,191,18,10,0
"33181",80.46875,282,"1",1027.75,19366,61.4583333333334,0.11733154542407,4,328,16,10,0
"33182",84.84848485,825,"1",1080.44444444444,21199.3333333333,165.873417721519,0.138451223600402,4,966,48,42,0
"33183",91.13924051,943,"1",1421,20172.4,213.573797678275,0.107274555816292,4,1135,82,33,0
"33184",81.05263158,493,"1",1367,18882,166.470588235294,0.127723768018773,4,579,31,13,0
"33185",81.15449915,1319,"1",1953.15,21349.6428571429,335,0.137110291652699,4,1578,110,59,0
"33186",73.24840764,800,"1",927.5,17201,269,1,1,900,26,61,0
"33187",84.21052632,1108,"0",965.555555555556,17166.6666666667,339,0.126047603084143,4,1286,52,75,25
"33188",87.5,171,"1",1611,18164.7826086956,57.9569892473119,0.137445524639625,4,191,5,6,0
"33189",70.66666667,368,"1",1430.66666666667,17806.6666666667,90,0.155548105933624,3,434,15,27,0
"33190",82.14285714,77,"1",1560,20217.7065642746,30.8571428571428,0.137445524639625,4,89,5,3,0
"33191",86.82170543,373,"0",1164,18126.1111111111,120.664060951674,0.124036205162588,4,422,17,13,37.5
"33192",91.25488393,22180,"0",2662.42205323194,23276.7741935484,5770.11366395786,1,1,25462,2944,1088,87.5
"33193",78.02690583,728,"1",2219.33333333333,19678.5,514.813432835821,0.140127388535032,3,838,26,77,0
"33194",80.65843621,610,"1",1522.83333333333,20642,172.493543758967,0.0965471002346631,2,686,33,38,0
"33195",77.85234899,1058,"1",916,17215.5,445.068631285998,0.137445524639625,4,1206,48,75,0
"33196",70,156,"1",2123,17078,46.1123595505618,0.0965471002346631,2,182,1,6,0
"33197",92.30769231,356,"1",1538,19801.9047619048,95,0.140797854508884,4,436,26,19,0
"33198",82.68839104,1475,"1",1284.84210526316,18206,361.261829652997,0.141803553469661,3,1722,94,100,0
"33199",83.56950673,14963,"0",2890.39240506329,22055.2380952381,6556.04383685981,1,1,17554,988,885,62.5
"33200",91.67121791,8134,"0",2833.58620689655,23201,2075.94549110406,1,1,9779,757,563,87.5
"33201",81.78913738,732,"1",2321.16666666667,21137.8260869565,153.086419753086,0.0811263828360711,3,868,46,32,0
"33202",76.59574468,741,"1",1753.27777777778,19921,294.16477702192,0.140797854508884,4,841,29,55,0
"33203",82.50319285,2325,"1",2056.23762376238,20375,1189.94516295019,0.138451223600402,2,2710,134,182,0
"33204",75.81699346,438,"1",1026.5,19629.6774193548,154.694280078895,0.126047603084143,4,500,28,17,0
"33205",86.825054,1161,"1",1355.45454545455,21672.4408602151,334,0.109621186724774,1,1356,74,59,0
"33206",85.71428571,522,"1",1795.25,20238.5,70,0.144485417365069,4,634,25,19,0
"33207",91.23529412,3958,"0",2116.41666666667,21678.6666666667,890.01191127388,1,1,4870,289,169,87.5
"33208",75.72463768,867,"1",1152.93333333333,18012.2222222222,367.270564915758,0.135434126718069,4,972,35,43,0
"33209",73.91304348,221,"1",1875,19669.5238095238,64.1126279863481,0.11733154542407,4,255,9,13,0
"33210",63.73626374,205,"1",2086.66666666667,19207,43.8287937743191,0.11733154542407,4,229,7,10,0
"33211",90.22556391,634,"1",1997.5,21229.1304347826,88.6490066225166,1,1,794,53,17,0
"33212",74.28571429,97,"1",1088,18298.0952380952,27.2075471698113,0.137445524639625,4,113,6,1,0
"33213",85.6109906,3129,"0",2663.83720930233,25703.3333333333,787.469438290052,0.131411330874958,3,3756,248,254,12.5
"33214",76.89655172,3129,"1",3472.61349693252,21978.6666666667,1315.79393958904,0.125041904123366,3,3555,146,548,0
"33215",67.94871795,186,"1",647,19241.5,40,0.140797854508884,4,212,8,9,0
"33216",73.33333333,116,"1",1560,18625,34.0056818181818,0.137445524639625,4,126,4,4,0
"33218",83.00395257,1294,"1",1131.77777777778,19091.5476190476,375.320551228281,0.0982232651692927,3,1550,96,50,0
"33219",87.06467662,1867,"1",1819.7619047619,22564,500,0.107274555816292,4,2287,181,82,0
"33220",88.98809524,955,"1",1493.66666666667,19520,278,0.13208179684881,4,1139,64,37,0
"33221",79.02439024,1042,"1",973.125,16953.8461538462,318.929634075205,0.126047603084143,4,1217,73,63,0
"33222",81.53846154,612,"0",1215.66666666667,22462,141.676646706587,0.137110291652699,4,707,43,26,50
"33223",64.51612903,161,"1",1532.74188888889,17620,90,1,1,190,8,15,0
"33224",78.04878049,108,"1",1538,20175,22.8011298776087,0.126047603084143,4,127,5,5,0
"33225",81.86528497,1505,"1",1576.72222222222,20637.3333333333,443.715133065376,0.140797854508884,4,1795,103,79,0
"33226",86.61887694,1992,"0",1286.47619047619,20611.9047619048,524.230242032499,0.153536708012068,3,2304,145,119,25
"33227",86.74546222,6168,"0",1718.66071428571,17816.6666666667,2204.42459942039,0.140797854508884,4,7037,340,852,25
"33228",79.42238267,640,"1",1746.5,19659.3333333333,129.278779472954,0.138451223600402,4,758,46,30,0
"33229",85.31791908,4960,"0",3113.18348623853,22131.3333333333,2204,0.14850821320818,2,5770,285,257,37.5
"33230",80.1369863,429,"1",1501.66666666667,18005.5555555556,108.017000191658,0.141803553469661,3,494,19,28,0
"33231",80,230,"1",1537.766125,22328.6666666667,34.6315789473684,0.124371438149514,4,256,7,6,0
"33232",76.92307692,44,"1",1396,19654.1967234912,27.5,0.137445524639625,4,45,5,2,0
"33233",81.20689655,1703,"1",1409.23076923077,18558,461.435080152942,0.0955414012738854,2,1995,95,71,0
"33234",81.36792453,3195,"0",2543.03448275862,25656.8888888889,868.957925000789,1,1,3696,256,303,87.5
"33235",77.27272727,179,"1",1153.82941666667,16243.8888888889,66.6122448979592,0.137445524639625,4,218,14,5,0
"33236",73.10623039,6304,"0",4567.425,22417.6923076923,2582.55859552497,0.161917532685216,4,7179,298,821,37.5
"33237",82.48847926,547,"1",1445.83333333333,20230,126.553372949614,0.140797854508884,4,654,34,24,0
"33238",89.47075209,8267,"0",2575.16216216216,24880.5,2223,1,1,9752,751,434,87.5
"33239",80.43478261,400,"1",1380.66666666667,17825.3333333333,177.081967213115,0.137445524639625,4,459,20,19,0
"33240",85.2520224,4856,"0",1447.47058823529,17346,1631.16978617743,0.135434126718069,4,5768,296,466,25
"33241",89.09952607,585,"0",1341.66666666667,18748.2608695652,94.1824440619621,0.153536708012068,3,691,34,15,25
"33242",62.08530806,543,"1",1545.66666666667,18515.3333333333,199.273092306434,1,1,627,29,25,0
"33243",88.85405782,21764,"0",1857.70486111111,18492,5805.95485291345,0.137110291652699,4,25070,1449,1998,50
"33244",87.17948718,243,"1",2062,19808.6666666667,69.3181818181818,0.137445524639625,4,277,13,11,0
"33245",83.68794326,676,"0",2728.66666666667,25880.8,165,1,1,793,56,29,87.5
"33246",69.11764706,155,"1",848,17473.1458333333,40,1,1,186,7,6,0
"33247",68.42105263,113,"1",1435.78329166667,19453.3333333333,46.0588235294118,1,1,125,3,6,0
"33248",84.47606727,1858,"1",1500.54166666667,19894.6666666667,453.496738211315,0.0898424404961448,4,2178,115,74,0
"33249",93.33781965,21340,"0",2043.36231884058,15983.4615384615,4091.09128225281,1,1,25679,1727,1254,87.5
"33250",71.75572519,310,"1",1127,19707,55.0849673202615,0.126047603084143,4,374,27,10,0
"33251",83.24324324,540,"1",1455.40459185259,19344.9583333333,120.119318181818,0.140797854508884,4,677,31,21,0
"33252",80,442,"1",1321,23248.6666666667,104,0.0811263828360711,3,530,29,27,0
"33253",85.86666667,939,"0",1255.66666666667,19933,299.64905751925,0.124371438149514,4,1088,57,29,12.5
"33254",71.31147541,335,"1",1514.5,18930,100,0.126047603084143,4,385,21,23,0
"33255",92,209,"1",1204,19664,81.1522633744856,0.137445524639625,4,248,7,9,0
"33256",92.47588424,3326,"1",2263.17142857143,22884.2857142857,733.513206003038,1,1,4054,260,129,0
"33257",74.56140351,300,"1",2138,20516.8,60.7668067226891,0.0965471002346631,2,348,27,15,0
"33258",74.54545455,237,"1",1801.5,19035.3571428571,80,0.11733154542407,4,270,9,13,0
"33259",81.26520681,999,"1",1477.33333333333,20360.5555555556,270,0.137110291652699,4,1167,80,46,0
"33260",87.69230769,559,"1",1825.4,20990.4761904762,161.491841491842,0.107609788803218,4,672,32,26,0
"33261",76.54109589,1332,"1",1078.2,18474,276.400770914719,0.137110291652699,4,1576,71,76,0
"33262",90.45031056,2884,"0",1917.05882352941,20857.619047619,649,1,1,3412,209,133,12.5
"33263",83.75,156,"1",2051.5,22299,19.1150442477876,0.0811263828360711,3,181,10,7,0
"33264",79.36507937,869,"1",1245,19036.6666666667,222.154750244858,0.141803553469661,3,1036,48,36,0
"33266",78.66108787,596,"1",1514.27272727273,20814,155,0.0955414012738854,2,710,23,29,0
"33267",67.04225352,995,"1",1246.33008147408,17498.125,363.400311315373,0.127723768018773,4,1135,53,41,0
"33268",87.18411552,1344,"1",1874.78260869565,20479.5238095238,299.598354347327,1,1,1583,75,98,0
"33269",68,400,"1",919.333333333333,18333.8888888889,82.57223796034,1,1,473,21,19,0
"33270",83.78378378,96,"1",1834,20313,29.8563535911603,0.137445524639625,4,108,5,5,0
"33271",75.40983607,171,"1",1103.18825,19234.2857142857,44.2430939226519,0.137445524639625,4,198,14,7,0
"33272",87.91208791,864,"1",1464.6,20246.6666666667,204.883116883117,0.0955414012738854,2,1016,62,30,0
"33273",91.5234375,5581,"0",2854.39130434783,25298.0769230769,1579.28720369824,1,1,6735,586,228,25
"33274",88.72767857,2017,"1",2141.2,24515.303030303,432.642134244504,1,1,2452,152,195,0
"33275",66.66666667,105,"1",1377.66666666667,20256,30,0.155548105933624,3,125,4,7,0
"33276",64.1025641,120,"1",1375.58166666667,20207.2,52.7172413793103,0.137445524639625,4,128,9,5,0
"33277",64.76190476,258,"1",1707,18682,86.1434599156118,1,1,306,12,8,0
"33278",68.75,225,"1",1543,20623,56.284046692607,0.155548105933624,3,268,12,10,0
"33279",84.18803419,547,"1",1392.66666666667,21221.9047619048,126.110612720013,0.140797854508884,4,646,35,33,0
"33280",74.50980392,402,"0",1094.8,19188,104.204724409449,0.127723768018773,4,477,25,18,25
"33281",92.18625479,61990,"0",2644.93821510297,21808,13828.5869146069,1,1,71920,5894,4454,87.5
"33282",60,277,"1",1114.66666666667,19865.5,84.6268656716417,0.11733154542407,4,328,21,7,0
"33283",70.58823529,179,"1",1155,16152,45.8904109589041,0.124036205162588,4,202,5,8,0
"33284",87.26491134,4625,"0",2180.98876404494,22102.5,1317.47883992907,0.121689574254107,4,5558,349,233,12.5
"33285",74.62686567,343,"1",1573.2,20451.3333333333,96.5759162303664,0.138451223600402,4,403,16,9,0
"33287",78.17258883,570,"1",1978.5,17559.5238095238,172,0.126047603084143,4,672,37,25,0
"33288",68.18181818,276,"1",1375.5,19769,88.7586206896552,0.124371438149514,4,333,20,8,0
"33289",79.37915743,1431,"1",1132.05,17058.2608695652,574.250328297077,0.124036205162588,4,1600,70,120,0
"33290",76.66174298,1585,"1",1172,20620.6666666667,320.719972298589,0.137110291652699,4,1838,157,87,0
"33291",83.07692308,145,"1",1050.45358333333,19277.2,44.2417582417582,0.126047603084143,4,164,9,8,0
"33292",67.9245283,110,"1",1622,21805.652173913,29.2645161290322,0.140797854508884,4,133,7,7,0
"33293",87.89808917,2208,"0",2199.03125,22843.3333333333,561,1,1,2640,192,113,87.5
"33294",80.5,508,"1",3126,17679.5,159.843760189869,0.126047603084143,4,586,29,20,0
"33295",74.41860465,103,"1",1541.67708333333,19340.1841075269,3.87628865979381,0.107274555816292,4,133,6,3,0
"33296",77.11442786,1009,"1",1430.25,17380.6666666667,386,0.11733154542407,4,1194,70,49,0
"33297",86.98630137,1367,"1",1734.53333333333,20404.6666666667,318,0.0898424404961448,4,1649,97,55,0
"33298",76.32241814,928,"1",1833.55555555556,20766,265,0.0965471002346631,2,1102,64,29,0
"33299",64.13793103,358,"1",1308,19509,82.8032345013478,0.140797854508884,4,435,20,7,0
"33300",79.91631799,631,"1",2363.64285714286,20163.3333333333,283.317624882187,0.135434126718069,4,739,38,35,0
"33301",73.21428571,501,"1",1584.5,19826.6666666667,123.776173285198,0.11733154542407,4,587,29,21,0
"33302",80.36809816,403,"1",1416.5,20052.4444444444,85,0.137110291652699,4,462,39,22,0
"33303",79.84084881,908,"1",1670.58563546176,21156.4516129032,279.666666666667,0.137110291652699,4,1040,67,39,0
"33304",63.63636364,122,"1",978,19965.3333333333,47.7,0.124036205162588,4,144,6,3,0
"33305",85.61643836,349,"1",1476.66666666667,19550.4,119.959677419355,0.137445524639625,4,404,22,17,0
"33306",71.30434783,291,"1",920,20147,65,0.126047603084143,4,347,16,8,0
"33307",80.65395095,1016,"1",2168.71428571429,19627.9192546584,338.167182662539,0.140797854508884,4,1184,49,47,0
"33308",80.64516129,226,"1",1984,21368.0952380952,62.0979020979021,0.124371438149514,4,256,15,3,0
"33309",74.70588235,405,"1",1541,18910,123.247389030655,0.135434126718069,4,472,29,15,0
"33310",69.3877551,126,"1",1271,19336.2962962963,11.9344262295082,0.140797854508884,4,156,5,9,0
"33311",86.01036269,989,"0",1488.3,20429.7959183673,176.143908421914,0.153536708012068,3,1172,72,38,25
"33312",91.76510294,6620,"0",2414.98484848485,21872.8571428571,1569.28952676478,1,1,8195,634,231,87.5
"33314",88.57589984,5177,"0",1304.9512195122,17924.4,1325.02110585413,0.13208179684881,4,6099,318,313,25
"33315",84.9009901,1194,"0",1146.2,17964.5,368.010224392851,0.0982232651692927,3,1411,66,31,37.5
"33316",62.23958333,977,"1",1104,16343.3333333333,301.247723132969,1,1,1103,53,59,0
"33317",80.99173554,875,"1",1502.5,19497.619047619,191.659574468085,0.10258129399933,1,1035,58,40,0
"33318",91.42536895,56151,"0",2670.67262969589,22639.6666666667,11972.5847475044,1,1,65509,7996,2832,87.5
"33319",69.27710843,466,"1",1127.33333333333,17708.5,152.000551040264,1,1,526,20,36,0
"33320",83.54978355,551,"1",987.666666666667,19152.5,111.253438179054,0.137110291652699,4,652,42,19,0
"33321",87.75510204,1397,"1",1606.26666666667,20366,304,0.107274555816292,4,1673,83,61,0
"33322",88.64089279,5375,"0",2362.46808510638,24639.5238095238,1129.46268527418,1,1,6572,535,228,87.5
"33323",81.18081181,610,"0",1510.99866213152,20766.4,150.180608694137,0.140797854508884,4,730,45,31,25
"33324",80.97731239,3641,"0",1267.7619047619,17507.9166666667,1471.68990857144,1,1,4133,166,205,62.5
"33325",82.1529745,914,"1",1132.5,22354.6666666667,263,0.127723768018773,4,1077,63,27,0
"33326",64.47368421,192,"1",963,15977.3913043478,55.2398190045248,0.131746563861884,3,219,6,13,0
"33327",87.44131455,2266,"0",1633.84210526316,19881.5384615385,824,0.109621186724774,1,2598,139,141,12.5
"33328",82.83378747,850,"0",987,21075.5,193.980582524272,0.137110291652699,4,1020,59,59,50
"33329",78.94736842,230,"1",1683,20207.5,39.0588235294118,0.137445524639625,4,275,16,12,0
"33330",87.84722222,2527,"0",2500.6,26510.6666666667,689.60236669628,1,1,3051,234,93,87.5
"33331",72.99270073,356,"1",1371.15581421356,18606.6666666667,92.4735729386893,0.126047603084143,4,407,14,25,0
"33332",85.45454545,726,"0",1703.85714285714,19054.5833333333,188,0.124036205162588,4,866,52,20,37.5
"33333",81.60714286,1504,"1",2128.65,20763.6363636364,601.197233862633,1,1,1752,57,115,0
"33334",82.67148014,1999,"0",2007.83333333333,21189.5238095238,520.826339840026,0.144485417365069,4,2344,114,133,25
"33335",88.38709677,340,"1",1963,22518,131.828859060403,0.0811263828360711,3,407,41,17,0
"33336",84.82972136,1017,"1",1341.875,19683.8888888889,392.371990004092,0.137445524639625,4,1129,48,61,0
"33337",82,2025,"1",1464.25,19310.5555555556,498.638799091313,0.140797854508884,4,2409,124,108,0
"33338",74.66666667,163,"1",1156.06175,19108,43.7904761904762,0.135434126718069,4,189,8,9,0
"33339",87.64940239,1288,"1",1477.3125,20827.1428571429,322.080924855491,0.138451223600402,4,1536,102,55,0
"33341",84.46601942,1892,"1",1583.46153846154,19670,569.133915563156,0.138451223600402,4,2257,137,91,0
"33342",75.11627907,926,"1",1964.83333333333,20282.6666666667,190,0.137110291652699,4,1065,65,42,0
"33343",87.76223776,721,"1",1905.16666666667,21479.3333333333,161.265818840667,0.140797854508884,4,876,60,29,0
"33344",73.51598174,608,"1",732.666666666667,17427,218.189338235294,0.11733154542407,4,729,36,41,0
"33345",75.96153846,291,"1",1118.8,19112.6666666667,119.974874371859,0.124036205162588,4,337,21,16,0
"33346",68.8,309,"1",1359,18030.6666666667,149.638554216868,0.126047603084143,4,337,11,13,0
"33347",79.51807229,247,"1",665.666666666667,18521.3333333333,67.1523178807946,0.152866242038217,3,293,13,10,0
"33348",74.40758294,1164,"1",1489.86666666667,18162.6666666667,407.079970652971,0.135434126718069,4,1318,54,57,0
"33349",83.56741573,1768,"0",2134.61111111111,23986.5,514.849902800613,1,1,2072,123,80,87.5
"33350",79.89821883,1037,"1",1173.5,19030.2142857143,342.407832000341,0.11733154542407,4,1222,71,89,0
"33351",73.37807606,1197,"1",1092.71428571429,17190.3225806452,363.856612843536,0.127723768018773,4,1406,76,57,0
"33352",85.95505618,4193,"0",1112.425,15974.2857142857,1121.1987479065,0.126047603084143,4,4846,246,370,25
"33353",55.05617978,190,"1",1442.5,17588,46.8947368421052,0.124036205162588,4,215,8,7,0
"33354",61.42857143,179,"1",1831,18803.4615384615,20.2127659574468,1,1,225,17,5,0
"33355",86.02150538,1441,"1",1654,19082.4,321.164370046184,0.124371438149514,4,1725,116,50,0
"33356",75.6097561,322,"1",1132.75,19598.8461538462,98.1686746987951,0.137110291652699,4,380,22,14,0
"33357",86.01583113,842,"1",1587.85714285714,22351.5,276.569885212694,0.140797854508884,4,1019,67,35,0
"33358",76.27118644,277,"1",1557.5,19068.8888888889,45.2,0.140797854508884,4,329,12,17,0
"33359",60.22727273,217,"1",1212.38366666667,16394.4444444444,89.7992700729926,0.124036205162588,4,240,15,6,0
"33360",70.1754386,312,"1",1263,17251.5384615385,75,1,1,366,21,12,0
"33361",68.0952381,504,"1",1254.33333333333,18560.9523809524,139.299957544128,0.11733154542407,4,575,21,28,0
"33362",89.43661972,1181,"1",1369.09090909091,20000.9523809524,304,0.141803553469661,3,1453,79,43,0
"33363",86.56156156,3026,"1",1995.88571428571,22296.6666666667,692.556445739256,0.0811263828360711,3,3662,288,131,0
"33364",77.84431138,363,"1",5859,20384.6111111111,68.2323232323232,0.137110291652699,4,423,22,21,0
"33365",71.96261682,252,"1",1471,20681.1111111111,75.6576576576576,0.137110291652699,4,296,22,14,0
"33366",88.29372118,7235,"0",1853.75,20200.8695652174,1968.04918320795,0.107274555816292,4,8513,547,559,37.5
"33367",60.11904762,389,"1",566,18213.3333333333,118.598130841122,0.140797854508884,4,451,23,21,0
"33369",73.30827068,687,"1",2139.33333333333,19324.5357142857,210.327272727272,1,1,822,56,32,0
"33370",75.56561086,564,"1",2086.2,18981.1538461538,162.338709677419,0.127723768018773,4,686,40,18,0
"33371",86.66666667,285,"0",1512.13011111111,19872,122.951044022329,0.107274555816292,4,327,16,13,37.5
"33372",61.53846154,77,"1",1360.25333333333,19388.336884828,15.3684210526316,0.11733154542407,4,88,7,3,0
"33373",84.17266187,435,"0",850.090909090909,18567.1428571429,123.914902937061,0.124036205162588,4,518,23,24,37.5
"33374",72.54901961,687,"1",1056,16800,155.383606927704,0.131746563861884,3,811,35,58,0
"33375",85.48387097,283,"1",1275.42857142857,21783.6,90.7714285714285,0.0965471002346631,2,319,12,20,0
"33376",89.72850679,4985,"0",2746.95238095238,28256,1373.39801222118,1,1,6091,476,198,87.5
"33377",45.16129032,93,"1",1792,19099.4233420766,28.3589743589744,1,1,113,6,2,0
"33378",76.32653061,1381,"0",1439.66666666667,17746.6666666667,400,1,1,1652,66,47,62.5
"33379",84.74576271,297,"1",685,19816,74.3439220977095,0.155548105933624,3,350,12,13,0
"33380",78.76712329,405,"1",1140.55555555556,17330.8695652174,108.333713643397,0.131746563861884,3,474,24,14,0
"33381",87.61061947,2535,"0",2134.28,22312.7777777778,591.277793589699,1,1,3082,244,126,12.5
"33382",77.77777778,1774,"1",1336.72727272727,18173.8888888889,393.933226930383,0.145491116325846,3,2103,94,99,0
"33383",71.69811321,323,"1",1197.75,18781.3333333333,73.7622377622378,0.135434126718069,4,364,13,19,0
"33384",76.31578947,515,"1",1740.66666666667,19782,138.624161073825,0.137110291652699,4,602,26,24,0
"33385",79.3814433,578,"1",801,17422.0833333333,189.560874041042,0.0982232651692927,3,680,40,24,0
"33386",71.62162162,192,"1",1212,20684,39,0.11733154542407,4,236,17,11,0
"33387",88.00959233,1070,"1",1543.46153846154,18956.4666666667,212,0.10258129399933,1,1275,74,38,0
"33388",81.84931507,718,"1",1821.42857142857,18901.3333333333,184.770755885998,0.127723768018773,4,845,50,21,0
"33389",81.8018018,3098,"0",1242.74193548387,18584,736.40142773879,0.131746563861884,3,3688,204,149,12.5
"33390",78.57142857,350,"1",1755.33333333333,19732,104.29393747692,0.11733154542407,4,422,18,20,0
"33391",81.4159292,249,"1",1506.5,19053.3333333333,97.5483870967742,0.137445524639625,4,291,16,13,0
"33392",76.94610778,842,"1",1459.875,18302,199.592588262218,0.124371438149514,4,981,47,35,0
"33393",87.7216021,4080,"0",1426.44736842105,19155.3333333333,1052.81891631559,0.137110291652699,4,4884,268,178,50
"33394",76.83039852,2345,"1",2749.76923076923,21850.4347826087,475.178903592544,0.156889037881328,0,2767,137,322,0
"33395",85.88873813,1795,"1",1103.23529411765,18992.6666666667,364.692276647194,0.13208179684881,4,2080,96,69,0
"33396",80.81395349,355,"1",1544.28534163059,18837.3333333333,50,0.11733154542407,4,427,22,18,0
"33397",88.75147232,4189,"0",2024.82926829268,21636,1015.07648601399,1,1,4988,344,231,87.5
"33398",76.59574468,119,"1",1286.53175,20428.5714285714,24.6948739118276,0.126047603084143,4,154,6,5,0
"33399",68.46846847,256,"1",1044,17979.5833333333,95,0.155548105933624,3,298,17,9,0
"33400",56.25,338,"1",1529.66666666667,18801,100,1,1,390,18,18,0
"33401",62.5,129,"1",1152,18300,32.4475524475525,0.11733154542407,4,145,6,3,0
"33402",82.05128205,2785,"0",829.884615384615,13641.7391304348,783.298550441069,1,1,3185,148,355,62.5
"33403",50.84745763,115,"1",1252.26635185185,17966.5217391304,20.8333333333333,0.140797854508884,4,136,8,7,0
"33404",45.83333333,187,"1",1350.73416666667,17600.4166666667,71.1436105999275,0.124036205162588,4,219,7,9,0
"33405",84.55882353,396,"1",1354,21552,96.1975308641976,0.127723768018773,4,475,20,8,0
"33406",77.90697674,389,"1",3027,19668.3333333333,84.5760598503741,0.11733154542407,4,430,16,15,0
"33407",81.92771084,575,"1",2116.16666666667,20891.5384615385,132.019201745595,0.10258129399933,1,687,38,19,0
"33408",70.68965517,250,"1",1290,24240,74,0.0811263828360711,3,304,25,14,0
"33409",57.57575758,75,"1",1341.56851851852,19259.00249266,20,0.155548105933624,3,91,4,5,0
"33411",67.14285714,155,"1",570,17980.7407407407,50.6480261479797,0.140797854508884,4,173,10,8,0
"33412",84.03755869,1086,"1",1130.88888888889,19166.6666666667,324.105564833396,0.135434126718069,4,1276,72,41,0
"33413",86.34311512,1982,"1",2020.07692307692,22433.3333333333,416.120092378753,0.137110291652699,4,2344,140,95,0
"33414",80.76923077,339,"1",1978.66666666667,20409.5,76.9841269841269,0.137110291652699,4,400,25,26,0
"33415",85.19269777,1219,"1",1584.5625,21264,301.304347826087,0.107274555816292,4,1485,95,65,0
"33416",80.75471698,791,"1",1206.36363636364,18629.6,221.789606019411,0.145491116325846,3,941,38,29,0
"33417",86.64072633,1781,"1",1884.34782608696,22215.2380952381,442.108292313518,0.0898424404961448,4,2119,137,75,0
"33418",71.42857143,305,"1",1939,19388.4,81.8025245916938,0.126047603084143,4,355,21,10,0
"33419",51.72413793,92,"1",1426.15601851852,18986.6216883678,18.6842105263158,0.155548105933624,3,115,13,3,0
"33420",75.53191489,209,"1",1620.786,21396.4,16,0.137110291652699,4,244,15,11,0
"33421",72.32704403,401,"1",1263.33333333333,20133.3333333333,136.529680365297,0.11733154542407,4,466,17,25,0
"33422",88.9588581,5214,"0",2625.4375,24910,971,1,1,6540,447,375,87.5
"33423",92.28723404,796,"1",1077,19122.7777777778,115,0.13208179684881,4,927,48,28,0
"33424",87.07015131,3364,"1",1434.15384615385,19904,1032,0.13208179684881,4,4040,232,174,0
"33425",89.58837772,1057,"1",1846.1875,21821.6666666667,281.132846715329,0.107274555816292,4,1242,78,37,0
"33426",76.07361963,347,"1",1179.33333333333,20841.5,52.6908396946565,0.156889037881328,0,408,15,26,0
"33427",62.92134831,219,"1",1601,18731.4615384615,53.8949117070515,0.155548105933624,3,263,10,8,0
"33428",59.25925926,71,"1",1301.60218518519,18720.3622978139,34,0.126047603084143,4,82,1,3,0
"33429",90,247,"1",1356,18070.5555555556,75,0.140797854508884,4,293,18,8,0
"33431",88.18181818,242,"1",1725.18225274725,21426.9565217391,75.4398826979472,0.0811263828360711,3,297,16,11,0
"33432",88.46153846,129,"1",1322.33333333333,19011.6666666667,21.5962441314554,0.140797854508884,4,153,2,5,0
"33433",89.63474827,7089,"0",2059.90277777778,21850,1680.60496492174,1,1,8533,599,427,87.5
"33434",91.66666667,1863,"0",1835.59090909091,19738.0952380952,378.441682600382,1,1,2301,192,81,87.5
"33435",83.11688312,1541,"0",1465.27272727273,18649,495.970863849868,0.140797854508884,4,1797,70,94,25
"33436",86.87943262,814,"1",1679.5,20324.7222222222,218.48445451351,0.107609788803218,4,956,41,35,0
"33437",76.34920635,1754,"0",1622.125,19557.3913043478,608.758382046488,0.11733154542407,4,2059,90,84,25
"33438",89.53974895,1277,"0",3696,19538.9285714286,399.709090909091,0.140797854508884,4,1495,78,43,25
"33439",86.39618138,1178,"1",1427.16666666667,18857.5,283.743342750033,0.0955414012738854,2,1419,69,41,0
"33440",57.57575758,170,"1",1049.33333333333,21128.6666666667,20.0848240903623,0.140797854508884,4,201,10,8,0
"33441",83.93939394,856,"0",1044.45454545455,22107.1666666667,234.710612159808,0.127723768018773,4,1038,61,46,25
"33442",86.33093525,386,"1",1672,20541,121.82990411858,0.141803553469661,3,448,27,16,0
"33443",50,122,"1",1128,20533.6666666667,55,0.126047603084143,4,126,3,9,0
"33444",77.65363128,471,"1",965,19986.6666666667,152.013417004228,0.140797854508884,4,549,22,15,0
"33445",82.12927757,589,"1",1200,19219.5652173913,138.372093023256,0.10258129399933,1,718,27,18,0
"33446",52.80898876,228,"1",1168.5,18017.3333333333,50,0.155548105933624,3,274,13,7,0
"33447",89.09574468,2107,"0",1261.13333333333,17862.6666666667,642,0.152866242038217,3,2421,109,113,12.5
"33448",90.87261785,2277,"1",2199.52941176471,22873,600.938773232125,1,1,2706,172,131,0
"33449",92.14645309,25590,"0",2675.94634146341,24042.4,6502.50271339407,1,1,30946,2181,1124,87.5
"33450",84.50704225,216,"1",1286.5,15598,78.5321100917432,0.137445524639625,4,248,12,12,0
"33451",83.53909465,592,"1",1450.66666666667,20990,113.307543520309,0.137110291652699,4,712,37,23,0
"33452",89.74358974,498,"1",1377.5,22242,258.673859373486,0.109621186724774,1,588,28,20,0
"33453",67.07317073,221,"1",417,19161.75,38.0444444444445,0.126047603084143,4,262,28,7,0
"33454",86.43006263,1082,"1",2198.75,24531.6,212.204204204204,0.131411330874958,3,1306,85,55,0
"33456",61.4379085,420,"1",747.5,19451.3333333333,124.736587596312,0.131746563861884,3,497,27,8,0
"33457",89.09090909,393,"1",1282,21673.3333333333,104.083769633508,0.140797854508884,4,484,28,15,0
"33458",80.62678063,860,"1",1008,18399.4444444444,225,0.127723768018773,4,1010,47,26,0
"33459",64.95726496,276,"1",11512,19315.2173913043,79.2592592592592,0.11733154542407,4,316,22,18,0
"33460",77.01612903,628,"1",1428.2,19703.3333333333,191.220703805066,0.11733154542407,4,748,39,31,0
"33461",73.91304348,424,"1",669.5,19373,110,0.11733154542407,4,505,22,20,0
"33462",87.07865169,395,"0",1420.16666666667,19701,148.770806018286,1,1,455,23,8,62.5
"33463",82.27272727,1088,"0",1435.09090909091,18968.6666666667,368.454545454545,0.140797854508884,4,1255,58,49,25
"33464",73.91304348,271,"1",986,20042.380952381,85,0.140797854508884,4,325,10,8,0
"33465",84.49367089,814,"0",1693.2,20258.6666666667,165,0.140797854508884,4,990,38,22,25
"33466",81.40096618,958,"1",1581.75,19305.7142857143,280.856144168023,0.0965471002346631,2,1146,69,59,0
"33467",70.90909091,276,"1",1881.66666666667,20621.4285714286,64.7773279352227,1,1,324,11,10,0
"33468",67.39130435,438,"1",1028.16666666667,18642.4,127,0.11733154542407,4,523,35,24,0
"33470",82.26744186,755,"1",2389.375,22788,219.713302752294,0.107274555816292,4,892,56,30,0
"33471",89.3877551,1188,"1",1276.88888888889,20716.8,337.900006026458,0.13208179684881,4,1406,95,29,0
"33472",90.90909091,361,"1",1070.66666666667,19048,131.114130434783,0.152866242038217,3,430,14,7,0
"33473",81.30718954,2080,"1",1397.35,18706,617.204323172179,0.145491116325846,3,2512,127,117,0
"33474",85.7712766,1638,"1",2597.38888888889,23967,257.487371201652,0.131411330874958,3,2003,114,67,0
"33475",84.12698413,353,"1",1612,19893.3333333333,55,0.138451223600402,4,421,17,11,0
"33476",77.21893491,767,"1",1599.5,18174.6666666667,171.274261603376,0.135434126718069,4,891,50,31,0
"33477",85.01628664,761,"0",1173.3,19725.3333333333,169.839948783611,0.127723768018773,4,919,56,36,25
"33478",89.86058302,2376,"0",1242.83870967742,17174,985.821853586647,0.152866242038217,3,2740,144,136,12.5
"33479",70.11494253,193,"1",544,19258,83.4782608695652,0.126047603084143,4,230,8,9,0
"33480",81.72804533,1572,"1",1738.36363636364,20629.5,396.153846153846,0.156889037881328,0,1829,104,64,0
"33481",61.53846154,227,"1",1492.5,18884,51.5377777777777,0.124036205162588,4,264,9,10,0
"33482",55.26315789,228,"1",1584.5,20076,25.2136752136752,0.155548105933624,3,267,9,9,0
"33483",85.30079455,3914,"0",2007.14583333333,22862,1140.36050710917,1,1,4610,333,210,87.5
"33484",86.65158371,1397,"1",1291.28571428571,18539,539,0.140797854508884,4,1630,77,87,0
"33485",78.93081761,1635,"1",1636.25,20603.0769230769,524.729987716321,0.11733154542407,4,1919,99,89,0
"33486",83.33333333,318,"1",2100,19425,76.904761904762,0.127723768018773,4,383,23,11,0
"33487",90.24943311,1056,"0",1893.25,19358,161.647944612865,1,1,1293,85,38,87.5
"33488",71.25,369,"1",2399,20249,78.9501312335958,0.11733154542407,4,440,31,17,0
"33489",71.42857143,321,"1",1263.66666666667,20996,81.4507772020726,0.145491116325846,3,391,25,7,0
"33490",78.2234957,1365,"1",1361.61904761905,18132.380952381,619.291488088415,0.135434126718069,4,1554,56,91,0
"33491",62.5,370,"1",679.5,17404,122,0.124036205162588,4,424,30,13,0
"33492",89.6049896,1531,"1",1347.73333333333,17580.4761904762,347.507387083157,0.0955414012738854,2,1807,93,47,0
"33493",72.19251337,471,"1",950.25,19875.3333333333,130,0.135434126718069,4,565,29,22,0
"33494",89.43089431,574,"1",2045.5,22613.2,138.924731182796,1,1,681,55,22,0
"33495",83.16221766,1133,"1",1547.30441572317,20751.2,298.363450522164,0.107274555816292,4,1346,96,50,0
"33496",85.69739953,1928,"0",2177.1875,24249.2,530,1,1,2252,126,95,87.5
"33498",86.01598174,4489,"0",2089.06349206349,21760,1343.92704429077,0.107609788803218,4,5269,286,269,12.5
"33499",72.3880597,370,"1",1057,18498.6666666667,125,0.11733154542407,4,457,18,12,0
"33500",76.82119205,378,"1",1426,20265,161.142191142191,0.138451223600402,4,455,29,17,0
"33501",86.34538153,1663,"1",2139.77777777778,23685.5092592593,353.366330442133,0.131411330874958,3,1998,171,92,0
"33502",76.41509434,328,"1",1092.66666666667,16870,119,0.145491116325846,3,389,19,17,0
"33503",94.83870968,339,"1",2125.75,21058.8461538462,98.9110707803993,0.125041904123366,3,378,17,9,0
"33504",79.74137931,587,"1",1357,21130,156.818897637795,0.140797854508884,4,680,21,33,0
"33505",83.56713427,1216,"1",1247.42857142857,20366.6666666667,278.195685189299,0.0811263828360711,3,1461,106,61,0
"33506",77.10843373,1793,"1",1230.46153846154,17567.1428571429,527,0.155548105933624,3,2075,88,146,0
"33507",75.67567568,246,"1",1450,19267.9166666667,73.625,0.137445524639625,4,290,18,8,0
"33508",74.75728155,493,"1",989,19025.8333333333,160,0.140797854508884,4,577,26,29,0
"33509",86.4321608,476,"1",1614,20479.3333333333,133.934911242604,0.137110291652699,4,564,33,21,0
"33510",70.49180328,170,"1",1345,20673.3333333333,19.8947368421052,0.140797854508884,4,205,12,8,0
"33511",68.93203883,255,"1",1528,17534.0714285714,83.8095238095238,0.137445524639625,4,285,7,13,0
"33512",64.86486486,238,"1",2333,18344.347826087,145,0.137445524639625,4,258,13,10,0
"33513",76.31578947,105,"1",1350.026375,19631.2,58.4453781512605,0.137445524639625,4,117,4,3,0
"33514",71.51442308,2729,"0",2797.04705882353,19725,1179.86744761506,0.140127388535032,3,3074,147,309,12.5
"33515",72.39583333,424,"1",1109.5,19787.7777777778,90.4147465437788,0.140797854508884,4,510,22,15,0
"33516",70.27027027,159,"1",779,16786.1111111111,48.7125137253753,0.155548105933624,3,181,14,12,0
"33517",88.79003559,1340,"1",1570.27777777778,20686,286.462438423645,1,1,1617,94,34,0
"33518",82.45614035,974,"0",1297.55555555556,21270.6666666667,198,0.153536708012068,3,1121,65,40,25
"33519",89.50162194,7884,"0",2529.75555555556,24332.1739130435,2019,1,1,9521,709,314,87.5
"33520",57.14285714,263,"1",958.25,16796,69.5207667731629,0.124036205162588,4,320,16,15,0
"33521",77.38095238,550,"1",1347.22222222222,17802.3333333333,238.967168262654,0.140127388535032,3,620,21,33,0
"33522",91.04219853,37228,"0",2847.2027833002,21063,6060.59216194509,1,1,42064,7788,1596,87.5
"33523",80.66860465,1686,"1",1553.66666666667,19338,438.897462164583,0.140797854508884,4,1992,111,121,0
"33524",86.66666667,254,"1",1553,22490.4761904762,57.1835443037975,0.107274555816292,4,302,14,9,0
"33525",82.27360308,1294,"1",1527.36363636364,18566,240.748937720344,0.138451223600402,4,1541,91,54,0
"33526",72.13114754,131,"1",1160,19562,35.2671755725191,0.137110291652699,4,149,6,11,0
"33527",86.43113159,4820,"0",2581.86842105263,21544.2307692308,1614.25290302167,1,1,5748,307,212,62.5
"33528",83.74384236,498,"1",1064,22751.6666666667,119.269949066214,1,1,602,36,13,0
"33529",85.26686217,22976,"0",3379.99228791774,21115.1666666667,8016.26133042456,1,1,26798,1360,1766,62.5
"33530",82.69230769,667,"1",1403.42857142857,19419,128.818285714286,0.138451223600402,4,809,48,28,0
"33531",79.6875,296,"1",1987.33333333333,21878.0952380952,71.71875,0.0965471002346631,2,362,21,17,0
"33532",86.95652174,438,"1",1132.25,20927.1428571429,119.52070265495,0.141803553469661,3,509,28,12,0
"33533",85.3372434,1991,"0",1634.57894736842,18720,668.260474214422,0.140797854508884,4,2395,143,92,25
"33534",81.74904943,695,"0",1551.86666666667,21396,169.605301533163,0.153536708012068,3,812,39,42,25
"33535",90.04796163,3597,"0",2237.39264469495,23318.5714285714,879.679008094681,1,1,4284,398,240,87.5
"33536",85.48387097,161,"1",1920,18851.4285714286,30,0.140797854508884,4,194,10,8,0
"33537",77.35849057,416,"1",1292.5,19574,82.939656384803,0.137445524639625,4,466,13,28,0
"33538",73.50993377,418,"1",744.25,16492.1739130435,140,0.135434126718069,4,478,9,13,0
"33539",85.74040219,2625,"0",1799.88888888889,21386.1111111111,753.060192593845,1,1,3082,155,154,87.5
"33540",75.91240876,1827,"1",1929.6862745098,18539,921.302651935216,0.135434126718069,4,2078,83,233,0
"33541",73.24561404,694,"1",1766.15384615385,19064.4444444444,344.742489270386,0.135434126718069,4,762,33,43,0
"33542",86.44067797,715,"1",1498.57142857143,20784.6666666667,137.870011402509,0.107274555816292,4,858,53,23,0
"33543",83.83233533,869,"0",961.833333333333,18403.8888888889,235,0.140797854508884,4,1019,41,45,25
"33544",82.8125,1273,"1",1848,18942.6666666667,595.663851416206,0.140127388535032,3,1454,56,107,0
"33545",85.51068884,1068,"1",1548.22222222222,20251.5,344,0.13208179684881,4,1256,65,34,0
"33546",74.31192661,534,"1",9836,19812.8571428571,165,0.0965471002346631,2,635,38,27,0
"33547",80.07380074,816,"1",1165.33333333333,18594.7619047619,325,0.140797854508884,4,901,36,70,0
"33548",84.69827586,1093,"1",1917.16666666667,20089.5,250,0.137110291652699,4,1313,71,40,0
"33549",82.53968254,274,"1",1550.5,21902.380952381,66.2460063897763,0.124371438149514,4,319,29,12,0
"33550",90.96297647,27489,"0",2577.62460567823,21343,6302.9906226747,1,1,32656,2332,1397,87.5
"33551",87.69230769,364,"1",1089,17052.7777777778,106.367758186398,0.127723768018773,4,435,17,16,0
"33552",86.85015291,747,"0",1227,20668.5714285714,185,0.109621186724774,1,881,53,32,12.5
"33553",84.65608466,900,"1",1793.75,21234.4444444444,168.671762555918,0.107274555816292,4,1091,70,35,0
"33554",84.41835646,2160,"0",2159.8,23413.3333333333,642.354838709674,1,1,2453,178,168,87.5
"33555",93.8547486,3486,"0",2364.8064516129,21890,752.673617689029,0.121689574254107,4,4317,255,161,12.5
